{
    "homeShortcut": {
        "favoritePrmotion": "rainbowIconShortcutFavPromotion",
        "scan": "rainbowIconShortcutPayBill",
        "payBill": "rainbowIconShortcutScan",
        "trackingPromotion": "rainbowIconShortcutTrackingPromotion"
    },
    "mainTabbar": {
        "homeDefault": "rainbowIconMenuBarHomeDefault",
        "homeActive": "rainbowIconMenuBarHomeActive",
        "accountDefault": "rainbowIconMenuBarAccountDefault",
        "accountActive": "rainbowIconMenuBarAccountActive",
        "promotionDefault": "rainbowIconMenuBarPromotionDefault",
        "promotionActive": "rainbowIconMenuBarPromotionActive",
        "couponDefault": "rainbowIconMenuBarCouponDefault",
        "couponActive": "rainbowIconMenuBarCouponActive",
        "moreDefault": "rainbowIconMenuBarMoreDefault",
        "moreActive": "rainbowIconMenuBarMoreActive"
    },
    "navigation": {
        "home": "rainbowBgHeaderHome",
        "homeScrolled": "rainbowBgHeaderHomeScrolled",
        "account": "rainbowBgHeaderAccount",
        "accountScrolled": "rainbowBgHeaderAccountScrolled",
        "more": "rainbowBgHeaderMore",
        "moreScrolled": "rainbowBgHeaderMoreScrolled",
        "notification": "rainbowIconNoti",
        "profile": "rainbowIconProfile",
        "profileMore": "rainbowIconProfilePicMore",
        "promotionHistory": "rainbowIconHistoryPromotion",
        "scanAccount": "rainbowIconScanAccount",
        "universalSearch": "rainbowIconUniversalSearch"
    }
}
